{"count":1,"gauges":{},"self":82.101478399999991,"total":84.175331,"children":{"AgentResetIfDone":{"count":4172,"self":0.05575,"total":0.05575,"children":null},"AgentSendState":{"count":4172,"self":0.11032099999999999,"total":0.1585,"children":{"CollectObservations":{"count":8344,"self":0.048179,"total":0.048179,"children":null}}},"DecideAction":{"count":4172,"self":1.3112899999999998,"total":1.6687429999999999,"children":{"RayPerceptionSensor.Perceive":{"count":8344,"self":0.35745299999999997,"total":0.35745299999999997,"children":null}}},"AcademyStep":{"count":4172,"self":0.014809,"total":0.014809,"children":null},"AgentAct":{"count":4172,"self":0.173977,"total":0.173977,"children":null}}}